filename,caption,photographer,unsplash_url
1506905925346-21bda4d32df4.jpg,mountain landscape with dramatic sky,unsplash,https://unsplash.com/photos/1506905925346-21bda4d32df4
1501854140801-50d01698950b.jpg,green forest path in sunlight,unsplash,https://unsplash.com/photos/1501854140801-50d01698950b
1470071459604-3b5ec3a7fe05.jpg,misty mountains at sunrise,unsplash,https://unsplash.com/photos/1470071459604-3b5ec3a7fe05
1441974231531-c6227db76b6e.jpg,forest with tall trees and fog,unsplash,https://unsplash.com/photos/1441974231531-c6227db76b6e
1472214103451-9374bd1c798e.jpg,sunset over the ocean horizon,unsplash,https://unsplash.com/photos/1472214103451-9374bd1c798e
1505118380757-91f5f5632de0.jpg,lake reflection of mountains,unsplash,https://unsplash.com/photos/1505118380757-91f5f5632de0
1518020382113-a7e8fc38eac9.jpg,desert sand dunes at golden hour,unsplash,https://unsplash.com/photos/1518020382113-a7e8fc38eac9
1504701954957-2010ec3bcec1.jpg,snowy mountain peak with blue sky,unsplash,https://unsplash.com/photos/1504701954957-2010ec3bcec1
1490730141103-6cac27aaab94.jpg,colorful autumn leaves in forest,unsplash,https://unsplash.com/photos/1490730141103-6cac27aaab94
1500534314209-a25ddb2bd429.jpg,tropical beach with palm trees,unsplash,https://unsplash.com/photos/1500534314209-a25ddb2bd429
1519681393784-d120267933ba.jpg,snow covered pine trees at night,unsplash,https://unsplash.com/photos/1519681393784-d120267933ba
1475924156734-496f6cac6ec1.jpg,canyon with red rock formations,unsplash,https://unsplash.com/photos/1475924156734-496f6cac6ec1
1508739773434-c26b3d09e071.jpg,tropical waterfall in jungle,unsplash,https://unsplash.com/photos/1508739773434-c26b3d09e071
1464822759023-fed622ff2c3b.jpg,alpine meadow with wildflowers,unsplash,https://unsplash.com/photos/1464822759023-fed622ff2c3b
1532274402911-5a369e4c4bb5.jpg,frozen lake with mountain reflection,unsplash,https://unsplash.com/photos/1532274402911-5a369e4c4bb5
1507003211169-0a1dd7228f2d.jpg,green hills and blue sky landscape,unsplash,https://unsplash.com/photos/1507003211169-0a1dd7228f2d
1465146344425-f00d5f5c8f07.jpg,field of lavender in summer,unsplash,https://unsplash.com/photos/1465146344425-f00d5f5c8f07
1519125323398-675f0ddb6308.jpg,cherry blossom trees in park,unsplash,https://unsplash.com/photos/1519125323398-675f0ddb6308
1548247416-ec66f4900b2e.jpg,lion resting on savanna grass,unsplash,https://unsplash.com/photos/1548247416-ec66f4900b2e
1474511320723-9a56873867b5.jpg,fox in snowy winter forest,unsplash,https://unsplash.com/photos/1474511320723-9a56873867b5
1511044568932-338cba0ad803.jpg,cat sitting on window sill,unsplash,https://unsplash.com/photos/1511044568932-338cba0ad803
1564349683136-77e08dba1ef7.jpg,elephant in african savanna,unsplash,https://unsplash.com/photos/1564349683136-77e08dba1ef7
1508921912186-1d1a45ebb3c1.jpg,penguin colony on ice,unsplash,https://unsplash.com/photos/1508921912186-1d1a45ebb3c1
1425082661705-1834bfd09dca.jpg,dolphin jumping in ocean,unsplash,https://unsplash.com/photos/1425082661705-1834bfd09dca
1437622368342-7a3d73a34c8f.jpg,turtle swimming in clear ocean,unsplash,https://unsplash.com/photos/1437622368342-7a3d73a34c8f
1449452198679-05c7fd30f416.jpg,colorful parrot in tropical forest,unsplash,https://unsplash.com/photos/1449452198679-05c7fd30f416
1481833761820-0509d3217039.jpg,flamingo standing in water,unsplash,https://unsplash.com/photos/1481833761820-0509d3217039
1547394765-185e1e68f34e.jpg,polar bear on arctic ice,unsplash,https://unsplash.com/photos/1547394765-185e1e68f34e
1499336315816-097655dcfbda.jpg,deer in misty morning forest,unsplash,https://unsplash.com/photos/1499336315816-097655dcfbda
1517849845537-4d257902454a.jpg,dog running through snow,unsplash,https://unsplash.com/photos/1517849845537-4d257902454a
1568572933382-74d440642117.jpg,hummingbird feeding on flower,unsplash,https://unsplash.com/photos/1568572933382-74d440642117
1477959858617-67f85cf4f1df.jpg,aerial view of city at night,unsplash,https://unsplash.com/photos/1477959858617-67f85cf4f1df
1480714378408-67cf0d13bc1b.jpg,modern skyscrapers against blue sky,unsplash,https://unsplash.com/photos/1480714378408-67cf0d13bc1b
1444723121867-7a241cacace9.jpg,busy city street with traffic,unsplash,https://unsplash.com/photos/1444723121867-7a241cacace9
1513635269975-59663e0ac1ad.jpg,venice canal with gondolas,unsplash,https://unsplash.com/photos/1513635269975-59663e0ac1ad
1528360983277-13d401cdc186.jpg,paris eiffel tower at night,unsplash,https://unsplash.com/photos/1528360983277-13d401cdc186
1460317442991-0ec209397118.jpg,tokyo city skyline at dusk,unsplash,https://unsplash.com/photos/1460317442991-0ec209397118
1533929736458-ca588d08c8be.jpg,new york times square at night,unsplash,https://unsplash.com/photos/1533929736458-ca588d08c8be
1534430480872-3498386e7856.jpg,amsterdam canal houses reflection,unsplash,https://unsplash.com/photos/1534430480872-3498386e7856
1467269204594-9661b134dd2b.jpg,london tower bridge foggy morning,unsplash,https://unsplash.com/photos/1467269204594-9661b134dd2b
1524413840807-0c3cb6fa808d.jpg,dubai skyscrapers skyline,unsplash,https://unsplash.com/photos/1524413840807-0c3cb6fa808d
1449824913935-59a10b8d2000.jpg,bicycle parked on cobblestone street,unsplash,https://unsplash.com/photos/1449824913935-59a10b8d2000
1513735492246-483525079686.jpg,empty urban road at dusk,unsplash,https://unsplash.com/photos/1513735492246-483525079686
1518176258769-f227c798150e.jpg,old cathedral in historic city,unsplash,https://unsplash.com/photos/1518176258769-f227c798150e
1506794778202-cad84cf45f1d.jpg,person hiking on mountain trail,unsplash,https://unsplash.com/photos/1506794778202-cad84cf45f1d
1531746020798-e6953c6e8e04.jpg,young woman smiling outdoors,unsplash,https://unsplash.com/photos/1531746020798-e6953c6e8e04
1529626455594-4ff0802cfb7e.jpg,woman reading book in cafe,unsplash,https://unsplash.com/photos/1529626455594-4ff0802cfb7e
1519085360753-af0119f7cbe7.jpg,businessman working on laptop,unsplash,https://unsplash.com/photos/1519085360753-af0119f7cbe7
1551836022-deb4988cc6c0.jpg,couple walking on beach at sunset,unsplash,https://unsplash.com/photos/1551836022-deb4988cc6c0
1488161628813-04466f872be2.jpg,artist painting in studio,unsplash,https://unsplash.com/photos/1488161628813-04466f872be2
1544005313-94ddf0286df2.jpg,woman doing yoga at sunrise,unsplash,https://unsplash.com/photos/1544005313-94ddf0286df2
1523580494863-6f3031224c94.jpg,students studying in library,unsplash,https://unsplash.com/photos/1523580494863-6f3031224c94
1504194104404-433180773017.jpg,musician playing guitar outdoors,unsplash,https://unsplash.com/photos/1504194104404-433180773017
1488590528505-98d2b5aba04b.jpg,programmer coding at multiple screens,unsplash,https://unsplash.com/photos/1488590528505-98d2b5aba04b
1504674900247-0877df9cc836.jpg,colorful bowl of fresh fruit,unsplash,https://unsplash.com/photos/1504674900247-0877df9cc836
1497034825429-c343d7c6a68f.jpg,fresh sushi platter on black plate,unsplash,https://unsplash.com/photos/1497034825429-c343d7c6a68f
1495521821757-a1efb6729352.jpg,coffee latte art in white cup,unsplash,https://unsplash.com/photos/1495521821757-a1efb6729352
1567620905732-2d1ec7ab7445.jpg,pizza with fresh toppings,unsplash,https://unsplash.com/photos/1567620905732-2d1ec7ab7445
1558618666-fcd25c85cd64.jpg,chocolate cake slice on plate,unsplash,https://unsplash.com/photos/1558618666-fcd25c85cd64
1490885578174-acda8905c2c6.jpg,colorful macarons on display,unsplash,https://unsplash.com/photos/1490885578174-acda8905c2c6
1463453091185-61582044d556.jpg,bread loaves from artisan bakery,unsplash,https://unsplash.com/photos/1463453091185-61582044d556
1518770660439-4636190af475.jpg,laptop with code on screen,unsplash,https://unsplash.com/photos/1518770660439-4636190af475
1461749280684-dccba630e2f6.jpg,programming code on monitor,unsplash,https://unsplash.com/photos/1461749280684-dccba630e2f6
1558494949-ef010cbdcc31.jpg,data center server room,unsplash,https://unsplash.com/photos/1558494949-ef010cbdcc31
1605810230434-7631ac76ec81.jpg,electric car charging station,unsplash,https://unsplash.com/photos/1605810230434-7631ac76ec81
1451187580459-43490279c0fa.jpg,satellite view of earth from space,unsplash,https://unsplash.com/photos/1451187580459-43490279c0fa
1540497077202-7c8a3999166f.jpg,skier on powder snow slope,unsplash,https://unsplash.com/photos/1540497077202-7c8a3999166f
1541701494587-cb58502866ab.jpg,colorful abstract paint texture,unsplash,https://unsplash.com/photos/1541701494587-cb58502866ab
1513364776144-60967b0f800f.jpg,neon lights abstract glow,unsplash,https://unsplash.com/photos/1513364776144-60967b0f800f
1557683316-973673baf926.jpg,colorful geometric wallpaper,unsplash,https://unsplash.com/photos/1557683316-973673baf926
picsum-10.jpg,landscape nature photography,picsum,
picsum-11.jpg,city urban architecture,picsum,
picsum-12.jpg,portrait person,picsum,
picsum-13.jpg,animal wildlife nature,picsum,
picsum-14.jpg,food cuisine dish,picsum,
picsum-15.jpg,technology device,picsum,
picsum-16.jpg,ocean sea water waves,picsum,
picsum-17.jpg,forest trees green,picsum,
picsum-18.jpg,mountains snow winter,picsum,
picsum-19.jpg,flowers garden colorful,picsum,
picsum-20.jpg,sunset sunrise sky,picsum,
picsum-21.jpg,street photography,picsum,
picsum-22.jpg,abstract texture pattern,picsum,
picsum-23.jpg,sports fitness exercise,picsum,
picsum-24.jpg,travel adventure,picsum,
picsum-25.jpg,coffee cafe interior,picsum,
picsum-26.jpg,architecture building modern,picsum,
picsum-27.jpg,beach sand summer,picsum,
picsum-28.jpg,dog puppy cute,picsum,
picsum-29.jpg,cat kitten pet,picsum,
picsum-30.jpg,bird flying sky,picsum,
picsum-31.jpg,river stream water,picsum,
picsum-32.jpg,night city lights,picsum,
picsum-33.jpg,desert dry landscape,picsum,
picsum-34.jpg,snow ice cold,picsum,
picsum-35.jpg,tropical jungle green,picsum,
picsum-36.jpg,vintage retro old,picsum,
picsum-37.jpg,minimal clean white,picsum,
picsum-38.jpg,dark moody atmosphere,picsum,
picsum-39.jpg,colorful vibrant saturated,picsum,
picsum-40.jpg,landscape nature photography,picsum,
picsum-41.jpg,city urban architecture,picsum,
picsum-42.jpg,portrait person,picsum,
picsum-43.jpg,animal wildlife nature,picsum,
picsum-44.jpg,food cuisine dish,picsum,
picsum-45.jpg,technology device,picsum,
picsum-46.jpg,ocean sea water waves,picsum,
picsum-47.jpg,forest trees green,picsum,
picsum-48.jpg,mountains snow winter,picsum,
picsum-49.jpg,flowers garden colorful,picsum,
picsum-50.jpg,sunset sunrise sky,picsum,
picsum-51.jpg,street photography,picsum,
picsum-52.jpg,abstract texture pattern,picsum,
picsum-53.jpg,sports fitness exercise,picsum,
picsum-54.jpg,travel adventure,picsum,
picsum-55.jpg,coffee cafe interior,picsum,
picsum-56.jpg,architecture building modern,picsum,
picsum-57.jpg,beach sand summer,picsum,
picsum-58.jpg,dog puppy cute,picsum,
picsum-59.jpg,cat kitten pet,picsum,
picsum-60.jpg,bird flying sky,picsum,
picsum-61.jpg,river stream water,picsum,
picsum-62.jpg,night city lights,picsum,
picsum-63.jpg,desert dry landscape,picsum,
picsum-64.jpg,snow ice cold,picsum,
picsum-65.jpg,tropical jungle green,picsum,
picsum-66.jpg,vintage retro old,picsum,
picsum-67.jpg,minimal clean white,picsum,
picsum-68.jpg,dark moody atmosphere,picsum,
picsum-69.jpg,colorful vibrant saturated,picsum,
picsum-70.jpg,landscape nature photography,picsum,
picsum-71.jpg,city urban architecture,picsum,
picsum-72.jpg,portrait person,picsum,
picsum-73.jpg,animal wildlife nature,picsum,
picsum-74.jpg,food cuisine dish,picsum,
picsum-75.jpg,technology device,picsum,
picsum-76.jpg,ocean sea water waves,picsum,
picsum-77.jpg,forest trees green,picsum,
picsum-78.jpg,mountains snow winter,picsum,
picsum-79.jpg,flowers garden colorful,picsum,
picsum-80.jpg,sunset sunrise sky,picsum,
picsum-81.jpg,street photography,picsum,
picsum-82.jpg,abstract texture pattern,picsum,
picsum-83.jpg,sports fitness exercise,picsum,
picsum-84.jpg,travel adventure,picsum,
picsum-85.jpg,coffee cafe interior,picsum,
picsum-87.jpg,beach sand summer,picsum,
picsum-88.jpg,dog puppy cute,picsum,
picsum-89.jpg,cat kitten pet,picsum,
picsum-90.jpg,bird flying sky,picsum,
picsum-91.jpg,river stream water,picsum,
picsum-92.jpg,night city lights,picsum,
picsum-93.jpg,desert dry landscape,picsum,
picsum-94.jpg,snow ice cold,picsum,
picsum-95.jpg,tropical jungle green,picsum,
picsum-96.jpg,vintage retro old,picsum,
picsum-98.jpg,dark moody atmosphere,picsum,
picsum-99.jpg,colorful vibrant saturated,picsum,
picsum-100.jpg,landscape nature photography,picsum,
picsum-101.jpg,city urban architecture,picsum,
picsum-102.jpg,portrait person,picsum,
picsum-103.jpg,animal wildlife nature,picsum,
picsum-104.jpg,food cuisine dish,picsum,
picsum-106.jpg,ocean sea water waves,picsum,
picsum-107.jpg,forest trees green,picsum,
picsum-108.jpg,mountains snow winter,picsum,
picsum-109.jpg,flowers garden colorful,picsum,
picsum-110.jpg,sunset sunrise sky,picsum,
picsum-111.jpg,street photography,picsum,
picsum-112.jpg,abstract texture pattern,picsum,
picsum-113.jpg,sports fitness exercise,picsum,
picsum-114.jpg,travel adventure,picsum,
picsum-115.jpg,coffee cafe interior,picsum,
picsum-116.jpg,architecture building modern,picsum,
picsum-117.jpg,beach sand summer,picsum,
picsum-118.jpg,dog puppy cute,picsum,
picsum-119.jpg,cat kitten pet,picsum,
picsum-120.jpg,bird flying sky,picsum,
picsum-121.jpg,river stream water,picsum,
picsum-122.jpg,night city lights,picsum,
picsum-123.jpg,desert dry landscape,picsum,
picsum-124.jpg,snow ice cold,picsum,
picsum-125.jpg,tropical jungle green,picsum,
picsum-126.jpg,vintage retro old,picsum,
picsum-127.jpg,minimal clean white,picsum,
picsum-128.jpg,dark moody atmosphere,picsum,
picsum-129.jpg,colorful vibrant saturated,picsum,
picsum-130.jpg,landscape nature photography,picsum,
picsum-131.jpg,city urban architecture,picsum,
picsum-132.jpg,portrait person,picsum,
picsum-133.jpg,animal wildlife nature,picsum,
picsum-134.jpg,food cuisine dish,picsum,
picsum-135.jpg,technology device,picsum,
picsum-136.jpg,ocean sea water waves,picsum,
picsum-137.jpg,forest trees green,picsum,
picsum-139.jpg,flowers garden colorful,picsum,
picsum-140.jpg,sunset sunrise sky,picsum,
picsum-141.jpg,street photography,picsum,
picsum-142.jpg,abstract texture pattern,picsum,
picsum-143.jpg,sports fitness exercise,picsum,
picsum-144.jpg,travel adventure,picsum,
picsum-145.jpg,coffee cafe interior,picsum,
picsum-146.jpg,architecture building modern,picsum,
picsum-147.jpg,beach sand summer,picsum,
picsum-149.jpg,cat kitten pet,picsum,
picsum-151.jpg,river stream water,picsum,
picsum-152.jpg,night city lights,picsum,
picsum-153.jpg,desert dry landscape,picsum,
picsum-154.jpg,snow ice cold,picsum,
picsum-155.jpg,tropical jungle green,picsum,
picsum-156.jpg,vintage retro old,picsum,
picsum-157.jpg,minimal clean white,picsum,
picsum-158.jpg,dark moody atmosphere,picsum,
picsum-159.jpg,colorful vibrant saturated,picsum,
picsum-160.jpg,landscape nature photography,picsum,
picsum-161.jpg,city urban architecture,picsum,
picsum-162.jpg,portrait person,picsum,
picsum-163.jpg,animal wildlife nature,picsum,
picsum-164.jpg,food cuisine dish,picsum,
picsum-165.jpg,technology device,picsum,
picsum-166.jpg,ocean sea water waves,picsum,
picsum-167.jpg,forest trees green,picsum,
picsum-168.jpg,mountains snow winter,picsum,
picsum-169.jpg,flowers garden colorful,picsum,
picsum-170.jpg,sunset sunrise sky,picsum,
picsum-171.jpg,street photography,picsum,
picsum-172.jpg,abstract texture pattern,picsum,
picsum-173.jpg,sports fitness exercise,picsum,
picsum-174.jpg,travel adventure,picsum,
picsum-175.jpg,coffee cafe interior,picsum,
picsum-176.jpg,architecture building modern,picsum,
picsum-177.jpg,beach sand summer,picsum,
picsum-178.jpg,dog puppy cute,picsum,
picsum-179.jpg,cat kitten pet,picsum,
picsum-180.jpg,bird flying sky,picsum,
picsum-181.jpg,river stream water,picsum,
picsum-182.jpg,night city lights,picsum,
picsum-183.jpg,desert dry landscape,picsum,
picsum-184.jpg,snow ice cold,picsum,
picsum-185.jpg,tropical jungle green,picsum,
picsum-186.jpg,vintage retro old,picsum,
picsum-187.jpg,minimal clean white,picsum,
picsum-188.jpg,dark moody atmosphere,picsum,
picsum-189.jpg,colorful vibrant saturated,picsum,
picsum-190.jpg,landscape nature photography,picsum,
picsum-191.jpg,city urban architecture,picsum,
picsum-192.jpg,portrait person,picsum,
picsum-193.jpg,animal wildlife nature,picsum,
picsum-194.jpg,food cuisine dish,picsum,
picsum-195.jpg,technology device,picsum,
picsum-196.jpg,ocean sea water waves,picsum,
picsum-197.jpg,forest trees green,picsum,
picsum-198.jpg,mountains snow winter,picsum,
picsum-199.jpg,flowers garden colorful,picsum,
picsum-200.jpg,sunset sunrise sky,picsum,
picsum-201.jpg,street photography,picsum,
picsum-202.jpg,abstract texture pattern,picsum,
picsum-203.jpg,sports fitness exercise,picsum,
picsum-204.jpg,travel adventure,picsum,
picsum-206.jpg,architecture building modern,picsum,
picsum-208.jpg,dog puppy cute,picsum,
picsum-209.jpg,cat kitten pet,picsum,
picsum-210.jpg,bird flying sky,picsum,
picsum-211.jpg,river stream water,picsum,
picsum-212.jpg,night city lights,picsum,
picsum-213.jpg,desert dry landscape,picsum,
picsum-214.jpg,snow ice cold,picsum,
picsum-215.jpg,tropical jungle green,picsum,
picsum-216.jpg,vintage retro old,picsum,
picsum-217.jpg,minimal clean white,picsum,
picsum-218.jpg,dark moody atmosphere,picsum,
picsum-219.jpg,colorful vibrant saturated,picsum,
picsum-220.jpg,landscape nature photography,picsum,
picsum-221.jpg,city urban architecture,picsum,
picsum-222.jpg,portrait person,picsum,
picsum-223.jpg,animal wildlife nature,picsum,
picsum-225.jpg,technology device,picsum,
picsum-227.jpg,forest trees green,picsum,
picsum-228.jpg,mountains snow winter,picsum,
picsum-229.jpg,flowers garden colorful,picsum,
picsum-230.jpg,sunset sunrise sky,picsum,
picsum-231.jpg,street photography,picsum,
picsum-232.jpg,abstract texture pattern,picsum,
picsum-233.jpg,sports fitness exercise,picsum,
picsum-234.jpg,travel adventure,picsum,
picsum-235.jpg,coffee cafe interior,picsum,
picsum-236.jpg,architecture building modern,picsum,
picsum-237.jpg,beach sand summer,picsum,
picsum-238.jpg,dog puppy cute,picsum,
picsum-239.jpg,cat kitten pet,picsum,
picsum-240.jpg,bird flying sky,picsum,
picsum-241.jpg,river stream water,picsum,
picsum-242.jpg,night city lights,picsum,
picsum-243.jpg,desert dry landscape,picsum,
picsum-244.jpg,snow ice cold,picsum,
picsum-247.jpg,minimal clean white,picsum,
picsum-248.jpg,dark moody atmosphere,picsum,
picsum-249.jpg,colorful vibrant saturated,picsum,
picsum-250.jpg,landscape nature photography,picsum,
picsum-251.jpg,city urban architecture,picsum,
picsum-252.jpg,portrait person,picsum,
picsum-253.jpg,animal wildlife nature,picsum,
picsum-254.jpg,food cuisine dish,picsum,
picsum-255.jpg,technology device,picsum,
picsum-256.jpg,ocean sea water waves,picsum,
picsum-257.jpg,forest trees green,picsum,
picsum-258.jpg,mountains snow winter,picsum,
picsum-259.jpg,flowers garden colorful,picsum,
picsum-260.jpg,sunset sunrise sky,picsum,
picsum-261.jpg,street photography,picsum,
picsum-263.jpg,sports fitness exercise,picsum,
picsum-264.jpg,travel adventure,picsum,
picsum-265.jpg,coffee cafe interior,picsum,
picsum-266.jpg,architecture building modern,picsum,
picsum-267.jpg,beach sand summer,picsum,
picsum-268.jpg,dog puppy cute,picsum,
picsum-269.jpg,cat kitten pet,picsum,
picsum-270.jpg,bird flying sky,picsum,
picsum-271.jpg,river stream water,picsum,
picsum-272.jpg,night city lights,picsum,
picsum-273.jpg,desert dry landscape,picsum,
picsum-274.jpg,snow ice cold,picsum,
picsum-275.jpg,tropical jungle green,picsum,
picsum-276.jpg,vintage retro old,picsum,
picsum-277.jpg,minimal clean white,picsum,
picsum-278.jpg,dark moody atmosphere,picsum,
picsum-279.jpg,colorful vibrant saturated,picsum,
picsum-280.jpg,landscape nature photography,picsum,
picsum-281.jpg,city urban architecture,picsum,
picsum-282.jpg,portrait person,picsum,
picsum-283.jpg,animal wildlife nature,picsum,
picsum-284.jpg,food cuisine dish,picsum,
picsum-287.jpg,forest trees green,picsum,
picsum-288.jpg,mountains snow winter,picsum,
picsum-289.jpg,flowers garden colorful,picsum,
picsum-290.jpg,sunset sunrise sky,picsum,
picsum-291.jpg,street photography,picsum,
picsum-292.jpg,abstract texture pattern,picsum,
picsum-293.jpg,sports fitness exercise,picsum,
picsum-294.jpg,travel adventure,picsum,
picsum-295.jpg,coffee cafe interior,picsum,
picsum-296.jpg,architecture building modern,picsum,
picsum-297.jpg,beach sand summer,picsum,
picsum-299.jpg,cat kitten pet,picsum,
picsum-300.jpg,bird flying sky,picsum,
picsum-301.jpg,river stream water,picsum,
picsum-302.jpg,night city lights,picsum,
picsum-304.jpg,snow ice cold,picsum,
picsum-305.jpg,tropical jungle green,picsum,
picsum-306.jpg,vintage retro old,picsum,
picsum-307.jpg,minimal clean white,picsum,
picsum-308.jpg,dark moody atmosphere,picsum,
picsum-309.jpg,colorful vibrant saturated,picsum,
picsum-310.jpg,landscape nature photography,picsum,
picsum-311.jpg,city urban architecture,picsum,
picsum-312.jpg,portrait person,picsum,
picsum-313.jpg,animal wildlife nature,picsum,
picsum-314.jpg,food cuisine dish,picsum,
picsum-315.jpg,technology device,picsum,
picsum-316.jpg,ocean sea water waves,picsum,
picsum-317.jpg,forest trees green,picsum,
picsum-318.jpg,mountains snow winter,picsum,
picsum-319.jpg,flowers garden colorful,picsum,
picsum-320.jpg,sunset sunrise sky,picsum,
picsum-321.jpg,street photography,picsum,
picsum-322.jpg,abstract texture pattern,picsum,
picsum-323.jpg,sports fitness exercise,picsum,
picsum-324.jpg,travel adventure,picsum,
picsum-325.jpg,coffee cafe interior,picsum,
picsum-326.jpg,architecture building modern,picsum,
picsum-327.jpg,beach sand summer,picsum,
picsum-328.jpg,dog puppy cute,picsum,
picsum-329.jpg,cat kitten pet,picsum,
picsum-330.jpg,bird flying sky,picsum,
picsum-331.jpg,river stream water,picsum,
picsum-334.jpg,snow ice cold,picsum,
picsum-335.jpg,tropical jungle green,picsum,
picsum-336.jpg,vintage retro old,picsum,
picsum-337.jpg,minimal clean white,picsum,
picsum-338.jpg,dark moody atmosphere,picsum,
picsum-339.jpg,colorful vibrant saturated,picsum,
picsum-340.jpg,landscape nature photography,picsum,
picsum-341.jpg,city urban architecture,picsum,
picsum-342.jpg,portrait person,picsum,
picsum-343.jpg,animal wildlife nature,picsum,
picsum-344.jpg,food cuisine dish,picsum,
picsum-345.jpg,technology device,picsum,
picsum-347.jpg,forest trees green,picsum,
picsum-348.jpg,mountains snow winter,picsum,
picsum-349.jpg,flowers garden colorful,picsum,
picsum-350.jpg,sunset sunrise sky,picsum,
picsum-351.jpg,street photography,picsum,
picsum-352.jpg,abstract texture pattern,picsum,
picsum-353.jpg,sports fitness exercise,picsum,
picsum-354.jpg,travel adventure,picsum,
picsum-355.jpg,coffee cafe interior,picsum,
picsum-356.jpg,architecture building modern,picsum,
picsum-357.jpg,beach sand summer,picsum,
picsum-358.jpg,dog puppy cute,picsum,
picsum-360.jpg,bird flying sky,picsum,
picsum-361.jpg,river stream water,picsum,
picsum-362.jpg,night city lights,picsum,
picsum-363.jpg,desert dry landscape,picsum,
picsum-364.jpg,snow ice cold,picsum,
picsum-365.jpg,tropical jungle green,picsum,
picsum-366.jpg,vintage retro old,picsum,
picsum-367.jpg,minimal clean white,picsum,
picsum-368.jpg,dark moody atmosphere,picsum,
picsum-369.jpg,colorful vibrant saturated,picsum,
picsum-370.jpg,landscape nature photography,picsum,
picsum-371.jpg,city urban architecture,picsum,
picsum-372.jpg,portrait person,picsum,
picsum-373.jpg,animal wildlife nature,picsum,
picsum-374.jpg,food cuisine dish,picsum,
picsum-375.jpg,technology device,picsum,
picsum-376.jpg,ocean sea water waves,picsum,
picsum-377.jpg,forest trees green,picsum,
picsum-378.jpg,mountains snow winter,picsum,
picsum-379.jpg,flowers garden colorful,picsum,
picsum-380.jpg,sunset sunrise sky,picsum,
picsum-381.jpg,street photography,picsum,
picsum-382.jpg,abstract texture pattern,picsum,
picsum-383.jpg,sports fitness exercise,picsum,
picsum-384.jpg,travel adventure,picsum,
picsum-385.jpg,coffee cafe interior,picsum,
picsum-386.jpg,architecture building modern,picsum,
picsum-387.jpg,beach sand summer,picsum,
picsum-388.jpg,dog puppy cute,picsum,
picsum-389.jpg,cat kitten pet,picsum,
picsum-390.jpg,bird flying sky,picsum,
picsum-391.jpg,river stream water,picsum,
picsum-392.jpg,night city lights,picsum,
picsum-393.jpg,desert dry landscape,picsum,
picsum-395.jpg,tropical jungle green,picsum,
picsum-396.jpg,vintage retro old,picsum,
picsum-397.jpg,minimal clean white,picsum,
picsum-398.jpg,dark moody atmosphere,picsum,
picsum-399.jpg,colorful vibrant saturated,picsum,
picsum-400.jpg,landscape nature photography,picsum,
picsum-401.jpg,city urban architecture,picsum,
picsum-402.jpg,portrait person,picsum,
picsum-403.jpg,animal wildlife nature,picsum,
picsum-404.jpg,food cuisine dish,picsum,
picsum-405.jpg,technology device,picsum,
picsum-406.jpg,ocean sea water waves,picsum,
picsum-407.jpg,forest trees green,picsum,
picsum-408.jpg,mountains snow winter,picsum,
picsum-409.jpg,flowers garden colorful,picsum,
picsum-410.jpg,sunset sunrise sky,picsum,
picsum-411.jpg,street photography,picsum,
picsum-412.jpg,abstract texture pattern,picsum,
picsum-413.jpg,sports fitness exercise,picsum,
picsum-415.jpg,coffee cafe interior,picsum,
picsum-416.jpg,architecture building modern,picsum,
picsum-417.jpg,beach sand summer,picsum,
picsum-418.jpg,dog puppy cute,picsum,
picsum-419.jpg,cat kitten pet,picsum,
picsum-420.jpg,bird flying sky,picsum,
picsum-421.jpg,river stream water,picsum,
picsum-423.jpg,desert dry landscape,picsum,
picsum-424.jpg,snow ice cold,picsum,
picsum-425.jpg,tropical jungle green,picsum,
picsum-426.jpg,vintage retro old,picsum,
picsum-427.jpg,minimal clean white,picsum,
picsum-428.jpg,dark moody atmosphere,picsum,
picsum-429.jpg,colorful vibrant saturated,picsum,
picsum-430.jpg,landscape nature photography,picsum,
picsum-431.jpg,city urban architecture,picsum,
picsum-432.jpg,portrait person,picsum,
picsum-433.jpg,animal wildlife nature,picsum,
picsum-434.jpg,food cuisine dish,picsum,
picsum-435.jpg,technology device,picsum,
picsum-436.jpg,ocean sea water waves,picsum,
picsum-437.jpg,forest trees green,picsum,
picsum-439.jpg,flowers garden colorful,picsum,
picsum-440.jpg,sunset sunrise sky,picsum,
picsum-441.jpg,street photography,picsum,
picsum-442.jpg,abstract texture pattern,picsum,
picsum-443.jpg,sports fitness exercise,picsum,
picsum-444.jpg,travel adventure,picsum,
picsum-445.jpg,coffee cafe interior,picsum,
picsum-446.jpg,architecture building modern,picsum,
picsum-447.jpg,beach sand summer,picsum,
picsum-448.jpg,dog puppy cute,picsum,
picsum-449.jpg,cat kitten pet,picsum,
picsum-450.jpg,bird flying sky,picsum,
picsum-451.jpg,river stream water,picsum,
picsum-452.jpg,night city lights,picsum,
picsum-453.jpg,desert dry landscape,picsum,
picsum-454.jpg,snow ice cold,picsum,
picsum-455.jpg,tropical jungle green,picsum,
picsum-456.jpg,vintage retro old,picsum,
picsum-457.jpg,minimal clean white,picsum,
picsum-458.jpg,dark moody atmosphere,picsum,
picsum-459.jpg,colorful vibrant saturated,picsum,
picsum-460.jpg,landscape nature photography,picsum,
picsum-461.jpg,city urban architecture,picsum,
picsum-464.jpg,food cuisine dish,picsum,
picsum-465.jpg,technology device,picsum,
picsum-466.jpg,ocean sea water waves,picsum,
picsum-467.jpg,forest trees green,picsum,
picsum-468.jpg,mountains snow winter,picsum,
picsum-469.jpg,flowers garden colorful,picsum,
picsum-471.jpg,street photography,picsum,
picsum-472.jpg,abstract texture pattern,picsum,
picsum-473.jpg,sports fitness exercise,picsum,
picsum-474.jpg,travel adventure,picsum,
picsum-475.jpg,coffee cafe interior,picsum,
picsum-476.jpg,architecture building modern,picsum,
picsum-477.jpg,beach sand summer,picsum,
picsum-478.jpg,dog puppy cute,picsum,
picsum-479.jpg,cat kitten pet,picsum,
picsum-480.jpg,bird flying sky,picsum,
picsum-481.jpg,river stream water,picsum,
picsum-482.jpg,night city lights,picsum,
picsum-483.jpg,desert dry landscape,picsum,
picsum-484.jpg,snow ice cold,picsum,
picsum-485.jpg,tropical jungle green,picsum,
picsum-486.jpg,vintage retro old,picsum,
picsum-487.jpg,minimal clean white,picsum,
picsum-488.jpg,dark moody atmosphere,picsum,
picsum-490.jpg,landscape nature photography,picsum,
picsum-491.jpg,city urban architecture,picsum,
picsum-492.jpg,portrait person,picsum,
picsum-493.jpg,animal wildlife nature,picsum,
picsum-494.jpg,food cuisine dish,picsum,
picsum-495.jpg,technology device,picsum,
picsum-496.jpg,ocean sea water waves,picsum,
picsum-497.jpg,forest trees green,picsum,
picsum-498.jpg,mountains snow winter,picsum,
picsum-499.jpg,flowers garden colorful,picsum,
picsum-500.jpg,sunset sunrise sky,picsum,
picsum-501.jpg,street photography,picsum,
picsum-502.jpg,abstract texture pattern,picsum,
picsum-503.jpg,sports fitness exercise,picsum,
picsum-504.jpg,travel adventure,picsum,
picsum-505.jpg,coffee cafe interior,picsum,
picsum-506.jpg,architecture building modern,picsum,
picsum-507.jpg,beach sand summer,picsum,
picsum-508.jpg,dog puppy cute,picsum,
picsum-509.jpg,cat kitten pet,picsum,
